Subject;Mouse;Cell Type;Group;Age;Sleep;mfr_s1;mfr_s2;mfr_s3;mfr_s4;mfr_s5;pfr_s1;pfr_s2;pfr_s3;pfr_s4;pfr_s5;outF_s1;outF_s2;outF_s3;outF_s4;outF_s5;NOfF_s1;NOfF_s2;NOfF_s3;NOfF_s4;NOfF_s5;InfoC_s1;InfoC_s2;InfoC_s3;InfoC_s4;InfoC_s5;RatRemap_Hab-S1;RatRemap_S1-S2;RatRemap_S2-S3;RatRemap_S3-test;SmFields_s1;SmFields_s2;SmFields_s3;SmFields_s4;SmFields_s5
R104C1_1;R104C;T1_1;Old_C;Old;control;0,336704144;0,700127831;0,791550389;0,959473919;0,563492082;1,250875917;4,26339158;2,601563158;1,768495594;1,127224664;0,254772274;0,621619598;0,668581373;0,611418978;0,411021741;1;1;2;1;3;0,80009243;0,842908397;0,641808051;0,309072197;0,474710339;3,012515663;1,661828422;0,833067565;0,641270929;224;64;136;572;364
R104C1_2;R104C;T1_2;Old_C;Old;control;0,629806312;1,081540754;0,935047828;0,749752844;0,386651482;1,398911392;1,928065624;2,580110608;1,518419569;0,79338697;0,430937609;0,783205359;0,885874731;0,568444577;0,285553991;2;1;2;1;1;0,283405761;0,165694945;0,175437382;0,191936732;0,554155023;0,529154233;0,652044983;1,061691038;0,725032599;352;540;172;416;352
R104C1_3;R104C;T1_3;Old_C;Old;control;0,879306505;0,391862592;0,430492317;0,41944215;0,15885681;3,237131144;1,340188784;1,392386774;1,681326001;0,972912109;0,702874789;0,228362087;0,269958719;0,327321366;0,09665534;1;1;1;1;1;1,011171768;0,701141267;1,130857184;1,020963188;1,989139975;1,89694236;0,05219799;0,288939227;0,708413892;228;144;124;88;156
R104C1_4;R104C;T1_4;Old_C;Old;control;0,801791882;0,658329154;0,453637065;0,922772731;0,848235421;2,069956708;1,02780772;1,379139693;1,956451603;1,31374082;0,695875946;0,308089626;0,419104404;0,766289785;0,587322344;1;1;1;1;1;0,246893271;0,170040325;0,500739408;0,272954026;0,215102441;1,042148988;0,351331973;0,57731191;0,642710784;212;708;80;460;892
R104C5_1;R104C;T5_1;Old_C;Old;control;0,886573501;1,656272555;0,874871483;0,749752844;0,848235421;3,135479293;4,08675543;3,761332738;2,68693357;2,243147475;0,875515645;1,014065718;0,846406786;0,603424781;0,590569348;1;1;1;1;1;0,514764949;0,412122354;0,613991911;0,61638697;0,612306521;0,951276137;0,325422692;1,074399167;0,443786096;204;196;104;132;260
R104C5_2;R104C;T5_2;Old_C;Old;control;0,293102168;0,344839081;0,254592231;0,387983989;0,311719024;0,931090534;1,064013169;0,714240237;1,421068088;0,66892697;0,208802703;0,287428856;0,186114029;0,358184058;0,247144909;1;2;1;1;1;0,827026242;0,785030998;0,767293243;0,611124212;0,65243748;0,132922635;0,349772932;0,70682785;0,752141118;144;136;132;28;368
R104C5_3;R104C;T5_3;Old_C;Old;control;0,864772514;1,170362941;0,939676778;0,969959973;0,764311068;2,004397451;2,727632753;3,444476561;2,511500716;1,479911424;0,437048043;0,768336665;0,622686231;0,708593953;0,583185188;1;2;1;1;1;0,309128114;0,462670273;0,445655916;0,406012236;0,263967885;0,723235302;0,716843809;0,932975845;1,031589293;396;320;144;348;444
R53C5_1;R53C;T5_1;Old_C;Old;control;0,496075987;0,567114997;0,734972501;0,615736469;0,799892334;1,284938198;1,964834394;2,368367496;1,004980634;2,702982537;0,27357504;0,414433708;0,493283019;0,290437829;0,301246825;2;1;1;1;1;0,981000453;1,015214251;NA;0,387014333;1,301732981;0,679896196;0,403533102;1,363386861;1,698001902;224;148;144;344;216
R53C5_2;R53C;T5_2;Old_C;Old;control;0,413396656;0,310308206;0,25096622;0,321653379;0,299959625;2,005951996;2,141060561;1,04273378;0,69381366;1,095455127;0,186018751;0,212597175;0,177845647;0,177252392;0,150235781;1;2;1;2;1;NA;1,161497264;1,549666202;0,729692785;0,888446342;0,135108565;1,098326781;0,348920121;0,401641468;72;136;188;220;144
R72C3_2;R72C;T3_2;Old_C;Old;control;0,310315692;0,296806305;0,367443365;0,273936977;0,771815712;0,830271384;1,855946045;0,976413347;0,902181583;2,724025396;0,251179354;0,290473161;0,237089979;0,195886489;0,46980482;1;1;1;1;1;1,1842789;0,85539958;0,403173374;1,352721626;0,370799901;1,025674662;0,879532698;0,074231764;1,821843813;312;68;164;160;148
R72C3_3;R72C;T3_3;Old_C;Old;control;1,049709873;1,340575143;0,987053745;0,582116076;0,645702033;3,777293499;5,982178273;3,598942039;4,176487043;2,193787779;0,608827169;0,771311777;0,558380192;0,372495374;0,399938104;1;1;2;1;1;0,720995749;0,455040142;0,627273178;1,2106646;0,180317473;2,204884774;2,383236234;0,577545004;1,982699265;164;96;216;120;164
R72C4_1;R72C;T4_1;Old_C;Old;control;1,225938538;1,375202546;2,586513099;1,478118271;1,104755822;3,091056576;3,087546432;6,956683332;3,425838288;3,82994093;0,69285954;0,844937851;0;0,903344347;0,95610995;2;2;2;1;2;0,525187165;0,218510717;NA;0,283570816;1,353890449;0,003510143;3,869136899;3,530845044;0,404102642;308;264;204;252;80
R72C4_11;R72C;T4_11;Old_C;Old;control;1,053540931;0,633186784;0,778115361;0,964486439;0,786949353;2,820908988;1,775119973;2,161109271;3,077629805;1,418666732;0,732788433;0,501584541;0,607016251;0,854000913;0,461252208;2;2;3;1;2;0,289504701;0,455189922;0,360904255;0,229711798;0,010587583;1,045789015;0,385989298;0,916520534;1,658963073;220;396;296;104;428
R72C4_12;R72C;T4_12;Old_C;Old;control;0,593813979;0,746962534;0,561972205;0,291058038;0,287539187;1,426778725;2,253971273;1,528063995;0,892074564;0,715585146;0,433855099;0,614838901;0,401610635;0,252765331;0,212926781;3;2;2;2;2;0,456086194;1,341055287;0,57005226;0,439858398;0,715338014;0,827192548;0,725907278;0,635989431;0,176489417;320;264;256;152;296
R72C4_2;R72C;T4_2;Old_C;Old;control;0,383105793;0,801377023;1,246425533;1,118575989;0,509499261;2,255649591;4,461972672;3,615309325;3,781846523;1,540730858;0,27316183;0,591668943;0,76121209;0,656167287;0,40591615;1;1;2;2;3;1,114610466;1,901069723;0,560441296;1,279496658;0,604209369;2,206323081;0,846663346;0,166537198;2,241115666;172;176;300;216;252
R72C4_3;R72C;T4_3;Old_C;Old;control;1,214445364;1,276267111;1,203196901;0,884588154;0,670924769;10,71006183;7,044831909;8,1;4,031329474;3,118953969;0,608923441;0,441970354;0;0,74117745;0,543784878;1;1;0;1;1;1,386859427;0,583749718;0,491323856;0,943305961;0,622160876;3,665229917;1,055168091;4,068670526;0,912375505;84;76;NA;68;184
R72C4_4;R72C;T4_4;Old_C;Old;control;1,379180855;1,770944285;1,066306236;1,375391905;0,837394824;2,473192338;4,312702484;3,387300826;4,315953635;2,559142753;0,640967774;0;0,808321004;0;0,723417941;3;2;1;2;2;0,224397874;0,239624667;0,381018893;0,395039295;0,19876207;1,839510147;0,925401658;0,928652809;1,756810883;492;240;272;192;156
R72C4_5;R72C;T4_5;Old_C;Old;control;0,11110068;0,138509609;0,461105399;0,194038692;0,156380961;0,343565035;0,470659689;2,41586476;1,162660805;0,582773575;0;0;0,368739564;0,121791101;0,149936059;3;1;1;1;2;0,683399248;1,242651705;1,160354757;0,79720813;1,225141712;0,127094654;1,945205071;1,253203955;0,57988723;144;144;128;164;204
R72C4_6;R72C;T4_6;Old_C;Old;control;0,291160403;0,70738836;0,475514943;0,998728561;0,58012292;1,004402108;3,894860765;3,921497893;4,451462067;1,622019085;0,238969774;0,645421411;0,371594329;0,584247237;0,451853973;1;1;1;1;1;1,145999941;0,947530293;0,838169382;0,338308476;0,3721785;2,890458657;0,026637129;0,529964173;2,829442982;68;32;52;96;32
R72C4_7;R72C;T4_7;Old_C;Old;control;0,409923199;0,351220794;0,338624278;0,798982849;0,534721996;7,106419252;5,903168064;2,020097351;4,866499274;4,413330752;0,391849644;0,381425053;0,317414999;0,567689364;0,478043004;1;1;1;2;1;0,970496477;1,044410738;1,018811916;0,938471099;0,641878087;1,203251188;3,883070712;2,846401923;0,453168522;80;36;100;352;44
R72C4_8;R72C;T4_8;Old_C;Old;control;0,635955617;0,568878751;0,828548764;0,701963503;0,681013863;4,973329472;5,061932329;6,562782824;3,045316995;0,838387706;0,607279733;0,580836168;0,572443471;0,400937323;0,658765403;3;1;2;1;2;0,940402446;0,424120525;0,223923444;0,374758294;0,395692201;0,088602857;1,500850495;3,517465829;2,206929289;252;76;320;228;160
R72C4_9;R72C;T4_9;Old_C;Old;control;0,252849823;0,257232131;0,324214734;1,849074594;0,75668207;0,713160355;0,875450654;0,720878452;4,221524329;2,699737825;0,147803749;0,205099944;0,213936526;0;0,605119584;2;2;1;1;1;1,777966157;1,517256784;0,593348322;1,094479479;0,509530108;0,162290299;0,154572202;3,500645877;1,521786504;332;148;228;136;192
R72C5_1;R72C;T5_1;Old_C;Old;control;0,252849823;0,277019218;0,763705818;0,433733547;0,665880222;0,838084088;1,377864096;2,923832729;2,511218744;2,186951556;0,200566511;0,256184567;0,346890221;0,261872021;0,31165565;2;2;2;1;2;0,445996661;0,468520875;NA;0,326850054;0,677767614;0,539780008;1,545968633;0,412613986;0,324267188;164;260;192;208;336
R72C5_2;R72C;T5_2;Old_C;Old;control;0,934778135;1,310894513;1,743554791;1,500946352;1,185468577;3,135104238;3,829646223;6,819621838;4,170379564;3,116315607;0,565143959;0;0;0,996517977;0,913073452;1;1;2;2;1;0,469487098;0,479656811;0,224331867;0,28836488;0,130421429;0,694541985;2,989975615;2,649242274;1,054063957;148;200;144;228;196
R72C5_3;R72C;T5_3;Old_C;Old;control;0,86965015;1,226799393;1,419340057;1,29549362;1,07448854;2,385103576;4,040212958;5,186819881;4,077222047;6,403810155;0,543831702;0,671199183;0;0,94368584;0,935575594;1;2;2;2;2;0,488070494;0,245643955;0,528298628;1,156972299;0,427631929;1,655109382;1,146606924;1,109597835;2,326588109;144;320;316;276;232
R72C5_5;R72C;T5_5;Old_C;Old;control;0,344795214;0,464996544;0,547562662;0,536459913;0,660835675;1,022908661;1,112440509;1,32192254;1,390839518;2,077045431;0,306706091;0,398638769;0,395168878;0,363565014;0,585936089;1;1;1;1;1;NA;1,094050797;0,579404293;2,232460857;0,3144102;0,089531847;0,209482032;0,068916978;0,686205912;88;144;244;188;164
R72C5_6;R72C;T5_6;Old_C;Old;control;1,118763;0,267126;1,131149;0,684842;0,373296;0,722269918;0,913441299;2,679631378;3,841990381;1,419469271;0,082504668;0,080014808;0,203422808;0,275304487;0,25958153;2;1;2;2;1;0,63401877;0,559784535;0,810344812;0,216895654;0,221014887;0,191171381;1,766190079;1,162359004;2,42252111;272;312;384;184;448
R72C5_8;R72C;T5_8;Old_C;Old;control;0,310315692;0,435315914;0,799729677;0,662014361;1,271225878;0,692024926;1,267675075;2,211117194;3,652026626;7,493609495;0,225723677;0,271598968;0,275632659;0,480514631;1,324350222;3;1;1;1;1;0,509664528;1,220633321;0,558388077;0,792952929;1,393122483;0,575650149;0,943442119;1,440909432;3,841582869;408;180;176;124;60
R75C2_1;R75C;T2_1;Old_C;Old;control;0,712889552;1,064788336;1,81333334;1,713963865;0,374648137;1,8116;3,4838;1,5482;3,4652;2,2492;0,402894573;0,830422182;1,117661575;0,809656557;0,320775305;2;1;1;1;1;0,657755432;0,819654832;0,416670168;0,573920344;NA;1,6722;1,9356;1,917;1,216;312;120;220;228;128
R75C2_3;R75C;T2_3;Old_C;Old;control;1,173600487;1,125162933;0,929914534;0,557483057;0,139292256;2,9733;2,0619;3,5627;3,0453;0,8383;0,734128791;0,643562584;0,666026583;0,392998952;0;1;1;1;1;NA;0,757896054;NA;0,571971775;1,32811058;NA;0,9114;1,5008;0,5174;2,207;136;132;60;52;52
R75C2_5;R75C;T2_5;Old_C;Old;control;0,334621627;0,230521186;0,71736264;0,646443119;0,105669987;0,894623364;1,836311144;4,153918743;3,601689818;1,811131651;0,243682531;0,239526749;0,531497852;0,518773898;0;2;1;1;1;NA;1,151122647;0,636815487;0,383975061;0,294038535;0,829433768;0,94168778;2,317607599;0,552228926;1,790558166;192;180;144;272;168
R75C2_6;R75C;T2_6;Old_C;Old;control;1,105706244;1,723420297;1,21553114;1,257302213;0,994258517;5,752260815;4,750711763;5,304911029;3,801547943;4,154613113;0,534200776;0,878524973;0,780769443;0,886691151;0,651221147;1;1;1;2;2;0,523816258;0,514476126;0,350567639;0,771272377;1,471455848;1,001549052;0,554199266;1,503363086;0,35306517;192;72;36;60;32
R75C2_7;R75C;T2_7;Old_C;Old;control;0,669243253;0,955016343;0,670866913;0,498176348;0,465908581;1,8776;2,0726;2,55288;2,9331;3,4121;0,504743356;0,879367504;0,589115007;0,447015798;0,364606242;3;1;1;1;1;0,673313733;0,246036011;0,768672951;0,200880132;0,918397887;0,195;0,48028;0,38022;0,479;300;172;248;168;240
R76C1_1;R76C;T1_1;Old_C;Old;control;0,808355073;0,908664971;1,050693543;1,076884391;0,275787055;1,880771614;2,57788738;2,857668617;2,273808819;0,715576485;0,419920393;0,670291035;0,358285616;0,428458166;0,171590433;1;3;1;2;3;NA;0,668227664;0,570296759;0,022241208;0,744179718;0,697115766;0,279781237;0,583859797;1,558232334;152;84;120;40;212
R76C1_3;R76C;T1_3;Old_C;Old;control;0,221153746;0,292620923;0,236110909;0,377369744;0,101829066;0,799973434;0,885077952;0,800688746;1,067592137;0,671625117;0,129754942;0,356265678;0,642234968;0,539106517;0,304870889;1;1;1;1;2;0,205084314;0,36843639;NA;0,523750591;0,985005112;0,085104518;0,084389206;0,266903391;0,395967019;148;120;128;136;104
R76C1_4;R76C;T1_4;Old_C;Old;control;0,350795598;0,677648453;1,038887998;0,404982164;0,572788499;1,8386196;2,657189056;4,567867141;3,275859144;1,699930776;0,463196478;0,44212205;0;0,269331265;0,197937536;2;2;NA;1;2;1,12;0,67;0,57;0,02;0,74;0,818569456;1,910678084;1,292007996;1,575928368;152;184;116;80;52
R104SD1_1;R104SD;T1_1;Old_SD;Old;restriction;0,471695546;0,121269659;0,272289334;0,191414914;0,246078362;1,1145;1,2145;1,1685;1,1877;1,7973;0,43862238;0;0,108185281;0,145825617;0,16603158;2;NA;1;2;1;0,576962369;NA;0,604604139;1,007431531;0,780467091;0,1;0,046;0,0192;0,6096;92;176;52;52;120
R104SD1_2;R104SD;T1_2;Old_SD;Old;restriction;0,557870694;0,643662036;0,499818778;0,650810706;0,765202578;2,156477335;1,443875746;2,471374668;2,07120088;0,915887417;0,457304934;0,455333391;0,356379541;0,380694972;0,506981467;1;1;2;1;2;0,41;0,31;0,39;0,35;0,31;0,712601588;1,027498921;0,400173788;1,155313463;256;212;240;76;72
R104SD1_3;R104SD;T1_3;Old_SD;Old;restriction;1,269949547;0,900194007;0,858177265;1,062878428;0,585428966;1,314544466;1,3649844;1,711515223;1,304241529;1,280030311;0,992112351;0,665406151;0,806737022;0,896153834;0,340852393;1;1;1;2;2;0,18;0,19;0,12;0,12;0,33;0,050439934;0,346530823;0,407273694;0,024211218;164;164;364;332;160
R104SD5_2;R104SD;T5_2;Old_SD;Old;restriction;0,13153;0,1725;0,2275;0,2042;0,2764;1,83982315;2,244206699;3,119266339;4,028625124;1,258;0,931342954;0,719280166;0,656517134;0,395679696;0;1;4;1;1;1;1,19;1,14;0,88;1,54;1,34;0,404383549;0,87505964;0,909358785;2,770625124;148;268;380;160;224
R104SD5_3;R104SD;T5_3;Old_SD;Old;restriction;0,208634568;0,513063942;0,330360274;0,304586057;0,366734237;1,139533164;2,479483436;3,382265362;4,871651247;3,200806104;0,811214049;0,740568434;0,530101601;0,748940527;0;4;1;2;1;2;1,260369623;0,490276041;0,998710511;0,812980015;1,035764783;1,339950273;0,902781925;1,489385885;1,670845142;264;260;132;364;72
R109SD1_1;R109SD;T1_1;Old_SD;Old;restriction;0,504924586;1,062351905;1,456174695;1,034981985;0,732356941;1,425615048;1,649915889;2,34369275;1,836214999;1,24126266;0,173354764;0,424963626;0,345806718;0,27945503;0,195713682;2;1;1;2;1;0,622521847;0,704967685;0,432587147;0,474991896;NA;0,22430084;0,693776861;0,50747775;0,594952339;104;80;132;228;80
R109SD1_2;R109SD;T1_2;Old_SD;Old;restriction;0,852761522;0,926732512;1,298140232;0,696752578;0,535870932;1,0053;1,1612;1,2509;1,4339;0,7223;0,382566814;0,449140015;0,619962353;0,878044909;0;2;2;2;1;1;0,437134613;0,623910494;1,019152414;0,73992059;NA;0,1559;0,0897;0,183;0,7116;132;152;96;148;192
R109SD6_1;R109SD;T6_1;Old_SD;Old;restriction;0,331006117;0,429461408;0,63778194;0,730575519;0,315568438;2,861440764;1,738103896;1,967894823;3,514241074;0,860498961;0,247783101;0,375525685;0,19311608;0,319313135;0;1;2;3;2;2;1,181688076;0,573559968;0,615778182;0,606548866;NA;1,123336868;0,229790928;1,546346251;2,653742113;232;76;64;284;152
R109SD6_2;R109SD;T6_2;Old_SD;Old;restriction;0,858371795;0,647959318;0,97078313;1,048511162;0,416788503;2,924390797;2,781507823;3,409186945;1,491417377;0,866251156;0,361326545;0,600327195;0,554864049;0,503972039;0;1;2;NA;1;1;0,39841826;0,270204684;0,488109445;0,487720657;0,407294482;0,142882975;0,627679122;1,917769568;0,625166221;320;384;116;68;128
R109SD6_3;R109SD;T6_3;Old_SD;Old;restriction;0,2983;0,114;0,1187;0,3613;0,2977;0,773351909;1,682359573;1,21946712;0,979174261;0,619939848;0,37433736;0,858121618;1,154394084;1,029999807;0,722586367;1;2;1;1;2;0,513875968;0,579987101;0,626854575;0,222203431;1,097975868;0,909007664;0,462892453;0,240292859;0,359234413;128;44;136;160;176
R109SD6_4;R109SD;T6_4;Old_SD;Old;restriction;0,2082;0,3992;0,3618;0,3409;0,2024;1,469983966;1,352915704;2,072971281;0,644567571;4,337223559;0,581789826;0,689415176;1,001731594;0,599734241;0,461820861;1;1;2;2;2;0,481586282;0,690891553;0,612384028;0,643586264;0,643850929;0,117068262;0,720055577;1,428403709;3,692655987;160;236;192;84;92
R113SD5_2;R113SD;T5_2;Old_SD;Old;restriction;0,821313011;0,561249704;0,774100128;0,384148865;0,122663821;6,139493693;3,829898527;7,477638312;3,336449994;2,074742146;0,272371847;0,336685687;0,401467974;0,434170606;0,173102052;2;1;3;2;1;1,381826173;0,354653767;0,654469315;0,647645629;0,957253837;2,309595166;3,647739786;4,141188318;1,261707848;124;72;180;132;104
R113SD5_4;R113SD;T5_4;Old_SD;Old;restriction;0,381689034;0,957687986;0,537432573;0,476874454;0,158275897;4,226926185;2,280026984;4,635775133;5,34482559;3,110606623;0,68475485;0,422337682;0,739110721;0,912792943;0,195245853;1;1;1;2;2;1,271528242;1,027048808;NA;NA;0,923567507;1,946899201;2,355748149;0,709050457;2,234218967;548;224;268;340;440
R113SD6_3;R113SD;T6_3;Old_SD;Old;restriction;0,408952537;0,427618822;0,350070759;0,284800021;1,337431334;4,003049471;3,773075449;2,22786063;2,127942317;4,493414046;0,273358619;0,110074373;0;0,289369959;0,268905379;1;3;1;1;2;0,505676348;0,96645942;0,845911028;0,758599596;1,280094009;0,229974022;1,545214819;0,099918313;2,365471728;132;152;96;148;192
R115SD1_2;R115SD;T1_2;Old_SD;Old;restriction;1,405203422;0,790805016;1,227311209;1,208810399;0,477428082;2,086202632;2,558037751;3,35701989;6,538998572;1,83172021;0,105205956;0,280674126;0,321935514;0,157288754;0,163109358;1;1;1;2;1;0,541852157;0,300321674;0,355014791;0,806210735;1,204690801;0,471835119;0,79898214;3,181978681;4,707278361;324;276;184;312;96
R115SD1_3;R115SD;T1_3;Old_SD;Old;restriction;1,845949882;1,039157004;0,90002822;0,754739488;0,499129358;1,359175541;1,408317413;1,779783279;1,83964947;2,398255027;0,608631474;0,413881566;0,712066779;0,319562379;0,134298082;1;2;1;1;1;0,70755143;0,679223003;0,895859817;0,754931024;0,256949487;0,049141872;0,371465866;0,059866192;0,558605556;256;228;176;272;144
R115SD1_5;R115SD;T1_5;Old_SD;Old;restriction;0,497784238;0,843089645;0,954575385;0,791556048;0,363496381;3,465824351;2,746706011;2,799233979;2,329992377;1,350842937;0,287222346;0,607154019;0,447989629;0,307478393;0,161098885;1;1;2;2;1;0,795464746;0,65668661;0,353277904;0,328359253;1,364571574;0,719118341;0,052527968;0,469241602;0,97914944;360;364;464;416;88
R115SD1_6;R115SD;T1_6;Old_SD;Old;restriction;0,508154743;0,392134719;0,477287692;0,533840126;0,499129358;1,660937779;1,680261549;1,895085404;1,88294596;2,956842342;0,348720914;0,359770975;0,340321443;0,160845457;0,96340222;2;1;1;2;3;0,179303403;0,401136052;0,765699981;0,378069854;2,940486894;0,01932377;0,214823855;0,012139444;1,073896382;204;124;276;172;316
R115SD2_1;R115SD;T2_1;Old_SD;Old;restriction;1,825208872;1,11104837;1,131853671;1,208810399;0,667314251;5,353734454;3,095465064;2,00753459;1,616559495;4,986982707;0,328915645;0,658818909;0,655576005;0,597379232;0,238137061;1;2;1;1;2;0,507243347;0,784531755;0,214308859;1,186705464;1,355343759;2,258269389;1,087930475;0,390975095;3,370423212;124;384;256;248;420
R115SD2_4;R115SD;T2_4;Old_SD;Old;restriction;0,840010901;0,731984808;0,784115495;0,951094477;1,383456374;2,871626074;1,94589483;2,958285402;2,047088871;5,55994993;0,347384121;0,327550756;0,340297591;0,27110614;0,314210734;2;1;3;2;1;0,748036463;0,521825945;0,486676005;0,350735821;0,783209417;0,925731245;1,012390572;0,911196531;3,512861059;108;172;200;168;108
R115SD2_5;R115SD;T2_5;Old_SD;Old;restriction;1,000753728;1,196010892;0,647747583;0,429526538;0,770395314;2,580254834;4,961474748;6,123366202;3,420741429;4,404497255;0;0,857165715;0,718897361;0,62672605;0,480938272;1;2;2;2;1;0,651219896;0,579074191;0,691309784;0,525182367;1,479138029;2,381219914;1,161891454;2,702624773;0,983755826;228;240;40;92;128
R115SD2_6;R115SD;T2_6;Old_SD;Old;restriction;1,23409009;0,777733859;0,954575385;0,981774944;1,057937227;1,946539272;2,081230196;1,885161082;3,972650537;6,176091466;0,576608076;0,498205561;0,557661367;0,737930248;1,031139324;1;1;1;2;2;0,128990004;0,341012432;0,472119947;0,586830206;0,636984548;0,134690924;0,196069114;2,087489455;2,203440929;288;192;80;32;220
R115SD4_6;R115SD;T4_6;Old_SD;Old;restriction;1,166681808;2,084849588;1,588686176;0,527704032;0,67273957;3,101770866;4,669809317;3,312486837;1,06858091;5,621643804;0,927664226;0,947446773;0,486710055;0,398641343;0,719070981;1;1;1;1;1;0,173603689;0,533640787;0,273275756;0,155746459;0,688856447;1,568038451;1,35732248;2,243905926;4,553062894;52;160;128;200;52
R115SD4_7;R115SD;T4_7;Old_SD;Old;restriction;1,042235748;1,202546471;0,702294747;0,66883418;1,150167652;1,750540008;2,631286749;1,24494739;1,17225891;3,242130606;0,769665243;0,605609623;0,789707333;0,654477946;0,993765149;1;1;2;1;1;0,904575873;NA;1,929994352;1,068843663;0,82237493;0,880746741;1,386339359;0,072688481;2,069871696;352;128;220;160;132
R115SD5_4;R115SD;T5_4;Old_SD;Old;restriction;0,295559391;0,431348191;0,225007055;0,638153713;0,401473614;2,929761046;1,26348862;2,137207733;5,340993034;2,88683025;0,141067742;0;0,139958303;0,223145405;0,249763002;3;3;2;1;1;NA;0,746227351;1,2555679;0,677900807;0,681937993;1,666272426;0,873719114;3,2037853;2,454162783;292;224;136;300;172
R115SD5_6;R115SD;T5_6;Old_SD;Old;restriction;0,741491104;0,333314511;0,415922132;1,288579613;0,472002763;6,893569566;3,419630236;2,854102743;4,204773694;5,781458121;0;0,218695351;0,186777586;0,168973544;0,436103315;2;1;1;1;3;0,492083719;0,614465993;0,910668169;0,474741471;0,978325186;3,47393933;0,565527493;1,35067095;1,576684427;180;352;212;300;200
R75SD2_3;R75SD;T2_3;Old_SD;Old;restriction;0,531698465;0,512653014;0,434815961;0,963620297;0,267222878;0,552229194;1,289033801;1,310177518;1,870522597;5,67794578;0,556873391;0,438485268;0,281773649;1,210582038;0,917413544;3;2;3;3;2;0,384886096;0,384948768;0,292804926;0,32894048;2,366897122;0,736804607;0,021143717;0,560345079;3,807423183;124;88;108;64;92
R75SD2_4;R75SD;T2_4;Old_SD;Old;restriction;0,10452192;0,512653014;0,385405056;0,401195999;0,450938606;2,562050301;1,338591973;2,420168561;4,906325974;5,235600634;0,748497627;1,519945527;1,188834612;0,236237015;0,281294082;1;1;1;1;1;0,186396647;0,375524078;0,206495866;0,445049913;0,362189499;1,223458328;1,081576588;2,486157413;0,32927466;324;348;172;184;80
R75SD2_7;R75SD;T2_7;Old_SD;Old;restriction;0,89070854;0,241817459;0,301406518;0,206222242;1,657616913;0,540024266;1,195282359;2,661894041;0,929690378;0,707574663;0,587118557;0,928656981;0,469679051;0,421864388;0,622211901;1;1;2;1;2;NA;0,858205026;0,306614066;0,337212124;0,770700566;0,655258092;1,466611682;1,732203662;0,222115716;712;400;196;256;300
R75SD2_8;R75SD;T2_8;Old_SD;Old;restriction;0,817997639;0,720616029;0,993159184;2,092218387;1,148223303;3,38269028;1,641333651;4,882375274;4,9776121;1,598308258;1,184767065;0,688642363;0,807208094;1,03127454;0,845354654;1;2;1;1;2;1,278324;0,594433158;0,684708872;0,62161514;0,28639855;1,741356629;3,241041623;0,095236826;3,379303842;788;352;400;164;324
R75SD2_9;R75SD;T2_9;Old_SD;Old;restriction;0,218132704;0,430435078;0,553402132;0,393697008;0,183715728;3,080856728;1,816570662;1,878916975;2,407023093;0,710779579;0;0,157445555;0,327369704;0,715699855;0,17022946;2;2;2;1;1;0,244085765;1,120399516;1,202280696;0,444621361;0,994903287;1,264286066;0,062346314;0,528106118;1,696243513;284;236;232;60;112
R75SD4_1;R75SD;T4_1;Old_SD;Old;restriction;0,945241716;1,039815075;0,751045751;0,442440448;0,634654335;0,543532096;0,784433504;1,9085606;0,408452789;3,51966733;0,225692327;0,268647884;0,155199093;0,496232192;0,286482592;1;2;1;1;3;1,183341296;2,104317416;NA;1,220768013;2,089077407;0,240901408;1,124127097;1,500107811;3,111214541;68;80;112;228;116
R75SD4_2;R75SD;T4_2;Old_SD;Old;restriction;0,568053916;1,126869361;1,16609735;0,869882914;0,881000425;3,756124329;2,636334996;4,630437057;4,366708684;3,047443471;0,134129213;0;0;0,124498466;0,452876646;1;1;1;1;1;0,433221681;1,567911296;0,643696633;0,842433319;0,499933234;1,119789333;1,994102061;0,263728373;1,319265213;328;568;360;340;184
R75SD5_1;R75SD;T5_1;Old_SD;Old;restriction;0,268121448;0,261162856;0,311288699;0,367450541;0,141962154;3,073746186;2,282231415;2,366602671;1,778638559;1,854052697;0,608637192;0,233315006;0,227521587;1,129228647;0,39569493;3;2;2;3;1;0,524962417;0,370658948;0,394549319;0,843958007;0,469374781;0,79151477;0,084371256;0,587964112;0,075414138;120;116;100;112;88
R75SD5_2;R75SD;T5_2;Old_SD;Old;restriction;0,977052735;0,619052696;1,022805727;0,877381904;1,018787221;2,979711046;4,747912306;5,334241401;4,008676071;1,895848756;0,40646134;0,336335162;0,242764607;0,295801835;0,23853444;1;1;1;2;1;0,738436001;0,549776708;0,697130276;0,739254329;1,292259304;1,768201261;0,586329095;1,32556533;2,112827315;604;192;88;56;180
R75SD5_3;R75SD;T5_3;Old_SD;Old;restriction;2,272215663;1,300977932;1,679970759;0,866133418;1,252607239;1,526274635;2,45277621;1,94443529;2,884710368;3,185004921;0;0,36715547;0,307420702;0,345652784;0,323803768;3;2;1;1;1;0,514788915;1,28075474;0,820554226;0,670442328;1,1246518;0,926501575;0,50834092;0,940275078;0,300294553;408;148;132;176;324
R75SD5_5;R75SD;T5_5;Old_SD;Old;restriction;0,540787328;0,280508253;0,489167956;0,468686915;0,121085366;1,331682722;2,033825864;4,702915618;1,982543064;3,465960668;0;0,183657339;0,228598835;0,149068873;0,124007102;1;1;1;1;2;0,472996027;0,892623363;0,616947826;0,737180465;0,315665839;0,702143142;2,669089753;2,720372553;1,483417603;80;148;160;156;156
R1135_1;R113;T5_1;Old_SD;Old;restriction;0,3027242;0,908862414;0,61981972;0,59417407;0,52158303;0,493839982;3,012534902;1,317654444;1,494748899;1,179608187;0,574851922;0,222577075;0,21624028;0,181733173;1,133868781;2;2;1;1;1;1,016854722;1,073580877;NA;1,303174951;NA;2,51869492;1,694880458;0,177094455;0,315140712;232;556;324;324;108
R115SD4_3;R115SD;T4_3;Old_SD;Old;restriction;0,773628511;0,592736357;0,370676499;0,787781351;1,031311901;1,561262252;3,064028562;1,792546744;1,477514569;1,045000688;0,651757768;0,486010652;0,69482295;1,047395704;1,011681431;1;2;2;1;1;0,38;0,39;0,29;0,33;2,36;1,50276631;1,271481818;0,315032175;0,432513881;148;292;148;56;196
R115SD5_2;R115SD;T5_2;Old_SD;Old;restriction;0,580221383;0,721162567;0,498286442;0,420595128;0,936478622;2,979711046;4,747912306;5,334241401;4,008676071;1,895848756;0,184817747;0,27169299;0,369581674;0,255601214;0,144461728;2;1;2;1;2;1,126344592;0,666678335;1,256683245;0,991952986;0,413785255;1,768201261;0,586329095;1,32556533;2,112827315;484;408;320;600;384
R115SD5_3;R115SD;T5_3;Old_SD;Old;restriction;0,563403372;1,066925442;2,625118814;0,714344106;1,529186611;3,38269028;1,641333651;4,882375274;4,9776121;1,598308258;0,620074488;0,684542031;0,55517427;0,303053934;0,4919824;1;1;1;1;1;0,890937175;0,470319037;1,110284391;0,689559915;0,701175331;1,741356629;3,241041623;0,095236826;3,379303842;88;180;64;232;480
AK8C1_1;AK8C;T1_1;Young_C;Young;control;0,328124573;0,382345898;0,244740368;0,655604206;0,828522159;0,818799681;1,301083025;0,824922422;1,392172536;1,563901391;0,265610226;0,340672527;0,205735404;0,4562811;0,542946357;1;1;2;3;2;1,0890821;0,462820942;1,67529515;0,48958817;0,319196333;0,482283343;0,476160603;0,567250114;0,171728855;284;68;188;360;352
AK8C1_2;AK8C;T1_2;Young_C;Young;control;1,640622865;1,757798025;0,734221105;1,422800617;1,206639654;4,198701404;8,133075181;2,728114183;6,006642939;3,931376523;1,082227319;1,869607554;0,695224818;1,057443224;0,961361899;2;1;2;1;1;0,417871;0,155703628;0,196812469;0,622929571;0,233646869;3,934373777;5,404960999;3,278528757;2,075266417;272;40;116;96;152
AK8C1_4;AK8C;T1_4;Young_C;Young;control;0,593148267;1,360555534;1,397596315;0,804393813;0,589418449;1,190280724;3,481127965;3,205001596;2,602735651;1,649646496;0,483105229;0,977412497;0,915946518;0,675341529;0,469729867;1;2;3;2;2;0,302551831;0,177447195;0,250529301;0,282975402;0,15842532;2,290847242;0,27612637;0,602265944;0,953089155;540;140;372;236;336
AK8C5_1;AK8C;T5_1;Young_C;Young;control;0,496393585;0,466759928;0,276943049;0,367324342;0,500449626;2,093322916;4,015449253;1,399319098;1,783903781;6,334161996;0,255275403;0,291419944;0,272506381;0,232928388;0,557885061;3;1;1;1;1;0,540017447;0,581963644;0,241157549;0,613027946;0,389085751;1,922126337;2,616130155;0,384584683;4,550258216;444;132;156;136;144
AK8C5_2;AK8C;T5_2;Young_C;Young;control;0,605768443;1,931591615;2,29283082;1,37165419;0,483767972;2,301262933;4,033776803;4,75853305;8,094022611;2,155763462;0,328203968;0,141258127;0,302420795;0,349774502;0,531948004;1;1;1;1;1;1,333830356;1,708387862;0,811094324;1,085536261;0,777682209;1,73251387;0,724756246;3,335489561;5,938259148;176;84;56;76;44
AK8C5_3;AK8C;T5_3;Young_C;Young;control;0,933893016;1,633659747;1,294547738;2,02260872;1,723770935;4,737657315;7,52986086;4,769028424;4,93487017;9,71694685;0,364057566;0,623315105;0,325302074;0,558589045;0,433978448;1;1;1;1;1;0,341940902;0,301346648;0,217394563;0,506362759;0,430062003;2,792203545;2,760832435;0,165841746;4,78207668;64;352;388;144;132
AK8C5_5;AK8C;T5_5;Young_C;Young;control;0,424879255;0,158896997;0,483040201;0,423120445;0,678387271;3,172120333;0,722698045;1,607921916;1,91632113;4,840241184;0,649932297;0,419308657;0,420069868;0,551533342;0,39238314;1;1;1;1;2;0,127024392;0,162539596;0,246180002;0,453211126;0,171140482;2,449422289;0,885223871;0,308399214;2,923920054;56;180;184;124;124
R57C4_1;R57C;T4_1;Young_C;Young;control;1,177465573;1,335012001;1,130263311;0,859927238;1,459801152;3,167984205;3,135845537;3,681938271;3,032365667;6,175029494;0,528444384;0,492548006;0,610611263;0,522225034;0,425960669;1;2;2;2;1;1,536541752;1,440977772;1,078909176;0,765851341;0,366565746;0,032138668;0,546092734;0,649572604;3,142663827;160;272;248;164;112
R57C4_2;R57C;T4_2;Young_C;Young;control;1,348550315;0,533202991;0,8443469;0,49931259;0,674847248;2,631451282;3,327774411;5,35241699;3,763847428;2,135316798;0,504350027;0,560136727;0,600924966;0,38475112;0,521983033;1;2;3;1;2;0,160053074;0,130337737;0,169993611;0,58278538;0,540619999;0,696323129;2,024642578;1,588569562;1,62853063;436;120;124;124;288
R57C4_3;R57C;T4_3;Young_C;Young;control;1,122114628;1,459292397;1,40277739;1,752217329;2,482727507;3,237694173;3,497651943;2,311055316;3,223887441;5,847882893;0,876536105;1,120347412;0,968158623;0,818733059;1,16526506;1;2;2;2;1;0,312491097;0,712527473;0,424780553;0,853837271;0,850462574;0,25995777;1,186596627;0,912832126;2,623995451;236;312;616;456;332
R57C4_4;R57C;T4_4;Young_C;Young;control;1,01644464;0,861944685;1,5055286;2,182180948;1,374557289;4,54;2,61680756;4,88678315;5;6,451572895;0,806674845;0,43811776;0,835754973;0,590329684;0,432918171;2;1;2;1;2;0,256973276;0,160292327;0,169093024;0,155281915;0,314380032;1,92319244;2,269975589;0,11321685;1,451572895;72;192;252;268;120
R57C6_1;R57C;T6_1;Young_C;Young;control;0,452871374;0,320723604;0,33059085;0,272772619;0,355182762;0,709393384;0,973793615;1,238453824;0,880995007;1,514018303;0,735538382;1,180460988;0,892669962;1,01293927;1,643218216;1;1;3;1;2;0,242763803;0,421476082;0,367069688;0,272500977;0,520993556;0,264400231;0,264660209;0,357458817;0,633023295;656;144;40;132;96
R57C6_2;R57C;T6_2;Young_C;Young;control;0,890647036;1,419201947;1,9835451;1,853929153;1,605426084;3,36984459;4,173337549;4,317844732;3,902037974;3,593980067;0,981860303;0,587284556;1,215594878;1,438973556;0,933327088;1;1;2;1;1;0,322657437;0,733662258;0,53872778;0,385555947;NA;0,803492958;0,144507183;0,415806758;0,308057907;76;304;420;456;416
R57CTT33_1;R57CTT3;T3_1;Young_C;Young;control;1,981312263;1,822032897;1,521141824;1,530444041;1,665626595;2,53;4,85;3,689330012;2,64;3,4;0,242741696;0,286580073;0,2598591;0,173041655;0,308180599;2;1;3;2;5;0,38756517;0,973712132;0,796788001;0,785047245;0,995649805;2,32;1,160669988;1,049330012;0,76;224;248;200;356;308
R57CTT33_2;R57CTT3;T3_2;Young_C;Young;control;0,551757845;0,451477178;0,584368267;0,384958317;0,411090819;2,633273136;1,395744599;5,302783892;3,037638513;1,590858092;0,45489067;0,33274881;0,433948278;0,190182459;0,352272991;3;1;1;1;1;0,187895167;0,459242845;0,358345003;0,271891415;0,296109639;1,237528537;3,907039293;2,265145379;1,446780421;124;248;36;68;116
R57CTT33_3;R57CTT3;T3_3;Young_C;Young;control;1,499778143;1,32621421;0,557603308;0,558659021;0,797374434;4,271151767;4,298630931;1,711022964;2,785287876;1,454112529;0,905842816;1,226415843;0,483539317;0,562675652;0,565164082;3;1;1;1;2;0,246042457;0,2567179;0,251901089;0,109389012;NA;0,027479164;2,587607967;1,074264912;1,331175347;264;116;216;40;556
R57CTT33_4;R57CTT3;T3_4;Young_C;Young;control;1,008212063;1,414897227;1,052755045;1,070371906;1,017095389;3,44;3,54;4,121230755;4,32748057;4,923610954;0,669870665;1,093696179;1,107625137;0,995324036;0,601906071;2;2;2;2;2;0,157216143;0,272740918;0,252315367;0,242696381;0,314215612;0,1;0,581230755;0,206249815;0,596130385;348;364;116;192;136
R81C5_1;R81C;T5_1;Young_C;Young;control;0,277715913;0,890463919;0,666159183;0,298277797;0,49093902;3,0637;6,48;6,07;2,32;6,8;0,161579504;0,484883982;0,339316241;0,274712929;0,170268454;1;2;3;2;1;0,732495747;0,874100651;0,999789484;1,105889149;0,577577489;3,4163;0,41;3,75;4,48;88;60;84;52;28
R81C5_2;R81C;T5_2;Young_C;Young;control;0,64920603;0,19635871;0,149885816;0,465111141;0,954770978;5,1;1,24;0,7;2,29;4,85;0,441377163;0,140795806;0;0,346125524;0,598379989;1;1;2;2;NA;0,46136086;0,190862003;0,395264086;0,429847215;0,503502426;3,86;0,54;1,59;2,56;196;44;136;76;108
R81C5_4;R81C;T5_4;Young_C;Young;control;0,526578224;0,479480572;0,571786632;0,328611132;0,665628978;1,953569303;3,439196676;1,94327616;0,981942114;2,483667862;0,275957252;0,533696163;0,348031997;0,189136362;0,509946739;1;3;1;2;2;0,359196106;0,21857419;0,176514162;0,477740666;1,074855247;1,485627373;1,495920516;0,961334046;1,501725749;244;40;192;200;120
R81C5_5;R81C;T5_5;Young_C;Young;control;0,302962814;0,72607058;0,355284898;0,197166679;0,394558354;2,795496023;2,244350322;1,636199283;1,000012429;4,43370539;0,298146036;0,147021508;0,263749291;0,128383261;0,2535525;1;1;1;1;1;1,828958477;1,658929776;1,270989837;1,756153987;2,173211423;0,551145701;0,608151039;0,636186854;3,433692961;164;176;144;148;76
R81C5_6;R81C;T5_6;Young_C;Young;control;0,263289112;0,132427967;0,455208775;0,288166685;0,385522666;1,57;1,48;1,85;0,98;1,92;0,25618759;0,278927066;0,340891767;0,307993202;0,254309264;1;2;2;2;NA;1,072344926;0,730150795;NA;1,894742219;1,35556763;0,09;0,37;0,87;0,94;84;56;88;224;148
R81C5_7;R81C;T5_7;Young_C;Young;control;0,320996315;0,616475021;0,521824693;0,566222259;0,469855749;1,479772051;1,892281655;1,749193971;1,080416456;1,918214773;0,293584692;0,38200934;0,596786241;0,344920273;0,396140665;2;1;2;3;1;0,449111733;0,757996475;0,66547348;0,765453566;0,996559122;0,412509604;0,143087684;0,668777515;0,837798317;188;236;224;500;184
R81C5_8;R81C;T5_8;Young_C;Young;control;0,385916918;0,438382237;0,749429081;0,475222253;0,487927124;1,132558952;1,256654061;1,730084708;1,056106963;1,336006617;0,113219107;0,405800836;0,28137483;0,237245752;0,150977907;2;3;1;1;2;1,363331947;0,726508683;1,029793524;1,464063391;1,748102674;0,124095109;0,473430647;0,673977746;0,279899654;164;216;280;320;188
R93C22_1;R93C2;T2_1;Young_C;Young;control;0,194761809;0,80826725;0,538478673;0,247722238;0,349379916;3,460568642;3,970256549;2,528789249;3,901688885;3,143196091;0,37846913;0,495200076;0,367795518;0,124534801;0;2;1;2;1;2;0,426311583;NA;1,847741194;0,73210257;1,89045694;0,509687907;1,4414673;1,372899637;0,758492794;76;76;72;72;32
R93C22_3;R93C2;T2_3;Young_C;Young;control;1,037554625;1,278559149;0,846277146;0,79438967;0,528096105;2,485870356;2,462926406;1,528136648;6,9;0,701520998;0,511546159;0,718037005;0,557964922;0,395395711;0,282133994;2;1;1;1;1;0,212000101;0,433150232;0,160482196;0,633382063;0,734413633;0,02294395;0,934789758;5,371863352;6,198479002;136;112;72;120;88
R93C22_5;R93C2;T2_5;Young_C;Young;control;0,718565339;0,400468239;0,44307704;0,64893804;0,20255741;1,509329999;1,911183245;2,197867678;3,76091832;1,687597892;0,184225042;0,361687988;0;0,212329592;0;2;1;2;2;1;2,168748048;1,592689256;1,520058405;2,110612991;2,0461018;0,401853246;0,286684433;1,563050642;2,073320429;248;204;116;72;144
R93C22_6;R93C2;T2_6;Young_C;Young;control;0,590969625;1,047095855;0,536123218;0,712340032;0,253196763;1,449122526;1,802869248;2,67994774;1,866054234;2,014245436;0,373419733;0,447941409;0,527034793;0,662876754;0,482339542;1;1;2;3;1;0,956492193;0,545129001;1,252658117;1,131532587;NA;0,353746722;0,877078492;0,813893506;0,148191201;316;172;84;224;144
R93C22_7;R93C2;T2_7;Young_C;Young;control;0,564107369;0,668671739;0,6734771;0,831684959;0,67277997;1,608039325;1,646445384;4,673508968;1,047693596;2,171187465;0,270226266;0,358376789;0,54209561;0,416080467;0,258433753;1;1;2;1;1;0,571922093;0,472603466;0,67676168;0,752097823;0,433250555;0,038406058;3,027063584;3,625815372;1,123493869;36;248;84;232;120
R93C22_8;R93C2;T2_8;Young_C;Young;control;0,503667294;0,54375504;0,686769412;0,61164275;0,336389985;0,55019384;0,617108683;0,867045173;0,778686702;0,906656821;0,308931338;0,307358238;1,251553571;0,323369635;0,635511175;3;2;3;2;2;1,131554794;1,325652373;1,37994833;0,878543057;1,276592095;0,066914842;0,249936491;0,088358471;0,127970118;524;448;380;512;276
R93C23_1;R93C2;T3_1;Young_C;Young;control;0,349209324;0,529058958;1,471015772;0,399059599;0,766824482;1,48708496;0,981461897;1,37198192;1,234661586;0,792489298;0,131392728;0,203485462;0,235461782;0,301476952;0,212047137;2;1;1;2;1;1,473594534;1,329690282;1,208343081;1,244921179;NA;0,505623063;0,390520023;0,137320333;0,442172288;108;340;336;40;124
R93C23_2;R93C2;T3_2;Young_C;Young;control;0,30891594;0,304943705;0,416492417;0,402789128;0,311070309;1,942915153;1,762848646;2,885755517;2,393002604;1,482402982;0;0,107700934;0,076167956;0,088375018;0,155953888;1;3;2;2;1;0,549548831;0,792500066;0,746424018;0,703263962;0,782674539;0,180066507;1,122906871;0,492752913;0,910599622;196;200;80;92;124
R93C23_3;R93C2;T3_3;Young_C;Young;control;0,542689;0,488697;0,550042;0,699177;0,700622;1,974463242;2,245081664;1,741169045;1,75772354;1,250033928;0,501702289;0,349746407;0,489563034;0,387674303;0,286214382;1;1;1;1;1;0,582201564;0,42254929;0,552800674;0,373196153;0,988635616;0,270618422;0,503912619;0,016554495;0,507689612;172;108;112;116;88
R93C23_5;R93C2;T3_5;Young_C;Young;control;0,543960677;0,422512362;0,642461708;0,387871012;0,332772888;0,627019181;0,961713832;0,86876357;0,742443224;4,792142163;0,494249867;0,48084072;0,542983165;0,561197694;0,352781494;2;1;1;0;1;0,439574329;0,449398544;0,929027642;0,379846394;0,727102897;0,334694651;0,092950262;0,126320346;4,049698939;260;164;176;132;72
R93C23_6;R93C2;T3_6;Young_C;Young;control;0,705134211;0,712759985;0,660184789;0,716069561;0,455754173;2,080469446;1,653392308;1,329473591;1,620503906;4,917796027;0,228425653;0,21932641;0,266062746;0,224626315;0,142703664;2;1;1;0;1;0,83057233;0,766065818;0,39788518;0,623362402;0,871670212;0,427077138;0,323918716;0,291030315;3,297292121;96;80;112;64;104
R93C23_7;R93C2;T3_7;Young_C;Young;control;0,51374064;0,415164321;0,416492417;0,413977715;0,22425999;2,792197785;4,116295104;3,08051839;4,441975715;4,834496237;0,089965826;0,089014082;0,111105601;0,072228512;0,400217255;1;3;1;1;1;0,633178596;0,665562682;0,399504232;0,643197329;0,489821581;1,324097319;1,035776714;1,361457325;0,392520523;440;188;328;308;264
R93C23_8;R93C2;T3_8;Young_C;Young;control;0,221613609;0,198397109;0,22153852;0,156640217;0,658311583;1,710858742;1,894020318;4,685668771;1,746582412;2,0456212;0,446916177;0,319408762;0,28553661;0,279470771;0,793144088;1;2;1;1;1;0,76961798;0,983209569;0,622615354;0,786828309;0,862491357;0,183161576;2,791648453;2,939086359;0,299038788;124;492;128;616;300
R94C2_1;R94C;T2_1;Young_C;Young;control;0,521832845;0,280801365;0,37397036;0,269963663;0,899504851;9,507165714;8,334802095;5,562433144;4,922945649;1,651697636;0,751452503;1,061941325;0,946317152;1,434877053;1,665192543;1;1;1;2;1;NA;1,456783956;1,480838247;1,387451339;2,283998698;1,17236362;2,77236895;0,639487495;3,271248014;152;156;244;148;336
R94C2_2;R94C;T2_2;Young_C;Young;control;1,194024306;1,161005644;1,42222061;1,876890228;1,899439855;2,30172787;2,258142757;1,816267936;1,192406572;1,499514931;0,607129681;0,472981098;0,513158149;0,495501359;0;1;2;2;2;2;0,475080213;0,61750796;0,207535297;0,273740227;0,746741931;0,043585113;0,44187482;0,623861365;0,30710836;180;160;108;56;304
R94C2_3;R94C;T2_3;Young_C;Young;control;0,119402431;0,313201522;0,328640619;0,278533938;1,344890748;3,109042786;3,556258981;3,503997693;3,28148759;3,291227096;0,44362154;0,68313234;1,337381138;0,664817494;0,58081962;3;4;3;1;1;0,839835049;0,418845411;0,413126994;0,616845313;0,650423308;0,447216195;0,052261288;0,222510102;0,009739506;236;148;328;244;96
R94C4_2;R94C;T4_2;Young_C;Young;control;0,592589841;0,912604436;1,558209832;0,929874839;0,838373453;1,586868675;5,372095385;4,689258907;5,51196508;0,696693988;1,356899167;1,318791456;0,874187688;0,719972054;0,68214559;1;1;1;1;2;1,160257159;1,39369717;1,343760344;0,894385449;1,209767172;3,78522671;0,682836478;0,822706173;4,815271093;92;284;412;224;144
R94C4_3;R94C;T4_3;Young_C;Young;control;1,883905017;1,938609424;1,546877397;1,195553364;0,777242056;0,68;1,34;0,77;1,220651765;1,31;0,60382127;0,475287306;0,468174561;0,239372086;0,492242016;1;1;1;1;1;1,137971266;1,462165274;1,769694699;0,928011904;1,251943126;0,66;0,57;0,450651765;0,089348235;224;404;268;288;276
R94C4_4;R94C;T4_4;Young_C;Young;control;1,012709504;0,707403439;0,464629841;0,338525863;0,834006925;1,258438979;1,006919354;1,279840395;1,17;0,955877269;0,745821674;0,610879717;0,496189819;0,495792969;1,473262691;1;1;1;1;1;0,708323948;0,500815369;0,971192764;0,546809348;0,968357588;0,251519625;0,272921041;0,109840395;0,214122731;248;44;420;364;112
R94C4_5;R94C;T4_5;Young_C;Young;control;1,101155749;1,782008662;1,677200401;1,491227852;1,785910117;0,79;0,45;0,87;0,73;0,81;0,405766252;1,080509252;0,975962986;0,931238085;0,255493757;2;1;1;1;2;0,302492783;0,234279824;0,251410541;0,151577327;0,191691209;0,34;0,42;0,14;0,08;448;772;364;148;320
R94C4_6;R94C;T4_6;Young_C;Young;control;0,464342786;1,506607324;0,997254293;0,942730251;0,305656988;0,446998364;0,54357203;0,770315929;0,662237203;0,276959015;0,164579908;0,320341173;0,215230482;0,268194249;0,221093894;2;1;1;2;4;NA;0,475650711;0,262156753;0,420496006;0,186302813;0,096573666;0,226743898;0,108078726;0,385278188;60;40;44;32;36
R95C3_1;R95C;T3_1;Young_C;Young;control;0,205294339;0,416242924;0,350651405;0,49722388;0,346616815;1,26;2,78;0,91;1,5;1,21;0,287691374;0,247203378;0,267597385;0,200822229;0,121948466;1;1;1;1;NA;0,787632924;1,401185442;0,493458615;0,555470897;NA;1,52;1,87;0,59;0,29;336;232;184;144;72
R95C3_2;R95C;T3_2;Young_C;Young;control;0,340935242;0,485616745;0,66623767;0,421886929;0,270794387;1,237888942;1,22906271;1,558089831;1,5;1,013373949;0,103525741;0,124223472;0,207135355;0,185053894;0,163700478;2;1;2;1;1;0,478806031;0,43442172;0,117724501;0,34221323;0,378072366;0,008826233;0,329027121;0,058089831;0,486626051;300;156;148;116;256
R95C3_3;R95C;T3_3;Young_C;Young;control;0,131974932;0,227391968;0,32059557;0,369151063;0,299679121;0,788586223;1,737736314;2,171846351;1,96;2,17;0,142398656;0,204829228;0,202933395;0,145800596;0;1;1;1;1;3;0,575105917;0,43947715;0,590540868;1,391004054;0,338965659;0,949150092;0,434110037;0,211846351;0,21;732;424;772;440;84
R95C3_4;R95C;T3_4;Young_C;Young;control;0,150304784;0,250516575;0,250465289;0,169508141;0,086654204;0,834011817;0,967473639;0,840025616;1,003612046;1,929950677;0,194992365;0,672061847;0,207221335;0,404791969;0,260325694;2;2;1;1;2;0,208430456;0,210416989;0,203582748;0,348527358;0,236353176;0,133461822;0,127448023;0,16358643;0,926338631;340;160;116;132;544
R95C4_1;R95C;T4_1;Young_C;Young;control;0,234622102;0,755403826;0,460856132;0,764670059;0,386333325;0,726970387;0,582098265;1,293908395;0,913052876;1,342637602;0,482314529;0,385729632;0,558358719;0,42191247;0,49297969;1;3;2;2;1;0,453657912;0,456768026;0,517385954;0,750136708;0,095484058;0,144872122;0,71181013;0,380855519;0,429584726;280;252;316;364;724
R95C4_2;R95C;T4_2;Young_C;Young;control;0,608551077;0,427805228;0,651209752;0,704400497;0,700454814;0,820786841;1,453709249;2,323010346;3,406581654;1,956405776;0,261454171;0,503500303;0,691082574;0,692263461;0,750100141;2;2;2;1;3;0,515147707;0,28905236;0,206922759;0,338468671;0,718645603;0,632922408;0,869301097;1,083571308;1,450175878;336;44;176;704;860
R95C4_3;R95C;T4_3;Young_C;Young;control;0,42891853;0,686030005;0,976814629;1,261893939;1,075956363;2,37956636;1,135929339;1,046726181;0,893533854;1,016950488;0,335300806;0,330071604;0,204270111;0,316165624;0;2;3;1;2;1;1,231140545;0,279189507;0,939574027;1,249797178;1,306354064;1,243637021;0,089203158;0,153192327;0,123416634;564;328;424;788;468
R93C2_4;R93C;T2_4;Young_C;Young;control;0,617097831;0,825570598;0,648693621;0,826090257;0,62530304;0,726713372;3,505953674;1,399951437;2,848482836;1,93665609;0,255517419;0,312152856;0,323991075;0,243276231;0,400079572;2;2;1;2;1;1,048264729;0,522332299;0,618912178;0,776780323;1,36037042;2,779240302;2,106002237;1,4485314;0,911826747;128;164;468;160;176
R112C1_1;R112C;T1_1;Young_C;Young;control;0,2976;0,3682;0,4784;0,3088;0,5955;1,29965441;1,341534331;1,083453396;1,850210382;1,421719234;0,278731559;0,158046753;0,376677692;0,253306797;0,230589148;2;2;1;1;1;0,410359056;0,49454157;0,249828521;0,658546311;0,475431674;0,041879921;0,258080935;0,766756986;0,428491148;244;372;76;156;60
R112C1_2;R112C;T1_2;Young_C;Young;control;0,2976;0,3682;0,4784;0,3088;0,5955;5,350486267;5,563245984;3,082088233;4,179459939;1,891771611;0,276641892;0,451936377;0,607563906;0,762779478;0,603926779;2;4;1;1;NA;0,47363625;0,688358697;0,425860322;0,540464996;0,782901202;0,212759717;2,481157751;1,097371706;2,287688328;392;344;108;44;156
R112C6_1;R112C;T6_1;Young_C;Young;control;0,4006;0,6168;0,6955;0,7221;0,677;2,714716112;1,595282535;1,390111992;2,177693044;1,386930886;0,464585512;0,259052855;0,359863191;0,22476439;0,214753463;2;1;1;2;1;0,551299511;0,512890073;0,587329521;0,557033382;0,231121226;1,119433577;0,205170543;0,787581052;0,790762158;176;356;176;148;248
R112C6_2;R112C;T6_2;Young_C;Young;control;0,5647;0,405;0,4607;0,285;0,2977;2,629610804;2,189615516;1,515938378;1,994166414;1,684405808;0,136017383;0,235267493;0,324292027;0,329610565;0,216402734;2;1;3;1;1;0,645428768;0,369873466;0,593111467;0,533993854;1,080319605;0,439995288;0,673677138;0,478228036;0,309760606;204;56;148;60;72
R112C6_4;R112C;T6_4;Young_C;Young;control;0,7097;0,5293;0,6557;0,6271;0,8614;1,258179609;1,310944222;1,324840415;1,060557004;2,106121571;0,474586773;0,525985351;0,538823867;0,515855942;0,649292312;1;2;1;1;1;1,372069599;1,196615284;0,950361544;1,47075156;1,006968598;0,052764613;0,013896193;0,264283411;1,045564567;412;96;172;252;420
R81SD5_1;R81SD;T5_1;Young_SD;Young;restriction;0,274088528;0,367425785;0,541875571;0,472354077;0,427034578;2,112693623;0,740752129;1,180002474;4,864868009;3,478738089;0,15212467;0,106864795;0,226837917;0,219273136;0,200694635;1;1;1;1;1;1,568375788;NA;0,813970164;1,428244902;1,798766229;1,371941494;0,439250346;3,684865534;1,38612992;72;84;84;60;72
R81SD5_2;R81SD;T5_2;Young_SD;Young;restriction;0,244051429;0,129679689;0,189436175;0,347517643;0,306931103;8,324438696;6,125232329;9,093763953;10,61619699;8,203877171;0,119712126;0,071495399;0,088749739;0,347931897;0,248893582;1;1;1;1;1;NA;1,601972246;1,006962975;1,10606361;1,432981933;2,199206367;2,968531624;1,522433038;2,412319819;48;60;108;40;48
R81SD5_3;R81SD;T5_3;Young_SD;Young;restriction;1,077580927;1,27086095;1,956038648;1,089788336;1,464595155;4,400049103;2,671949811;2,907756395;2,482094927;1,975896332;0,690102347;0,564415224;1,009907439;0,798965557;1,123730542;1;1;1;1;2;1,423107159;1,394531437;0,990491945;1,351556577;1,037561396;1,728099292;0,235806583;0,425661467;0,506198596;64;104;44;60;144
R81SD5_4;R81SD;T5_4;Young_SD;Young;restriction;0,773455299;0,497105474;0,960397354;0,99531752;0,473741485;5,410386141;4,236440315;6,361505755;4,013222836;4,951375689;0,351083966;0,258608188;0,525902081;0,542874994;0,366861982;1;1;1;2;2;0,747869579;0,946701043;0,393516353;0,810042561;0,81151622;1,173945826;2,12506544;2,348282919;0,938152853;88;116;80;224;180
R81SD5_5;R81SD;T5_5;Young_SD;Young;restriction;0,769700662;1,145503918;1,934011186;1,440679936;0,900776064;3,278500079;2,735360018;3,432190691;3,738563906;3,899787621;0,660914569;0,744660165;1,283590813;0,717062073;0,591873295;1;2;2;2;1;0,687506892;0,910294805;0,579482963;1,207046444;0,872980057;0,543140062;0,696830673;0,306373215;0,161223714;88;172;164;196;128
R81SD5_6;R81SD;T5_6;Young_SD;Young;restriction;2,057541282;2,035971114;2,171907778;2,351648514;1,801552127;4,108206341;4,522339219;8,911035952;7,536692467;4,581608852;0,126731925;0,153232015;0,228363709;0,168768134;0,162219692;2;1;1;1;3;0,089631315;0,058629643;-0,010357902;0,005916171;0,120756734;0,414132879;4,388696732;1,374343484;2,955083616;44;40;36;40;44
R93SD2_1;R93SD;T2_1;Young_SD;Young;restriction;0,228649199;0,152636378;0,321776705;0,22815798;0,283308013;1,694315505;1,247925116;1,572007686;2,061791398;1,361648105;0;0,259522201;0,128991795;0,177991022;0,196930385;1;1;1;1;1;NA;0,837096883;1,558707594;0,879088972;0,766193401;0,446390388;0,32408257;0,489783712;0,700143293;196;196;292;244;144
R93SD2_3;R93SD;T2_3;Young_SD;Young;restriction;0,617694104;0,332408113;0,686939033;0,624205795;0,335095499;2,084561253;4,323424285;6,259660871;3,796677092;2,749189908;0,511434762;0,240700425;0,397563506;0,339518546;0,239436691;3;3;2;1;2;0,495031799;1,232651722;0,46988962;0,885638192;1,167642848;2,238863032;1,936236586;2,462983779;1,047487184;200;144;56;152;204
R93SD2_5;R93SD;T2_5;Young_SD;Young;restriction;0,77808981;1,309280934;1,348569786;1,03747308;0,971776947;4,965903478;5,944117629;3,26871429;6,664070174;1,019431278;0,649776904;1,105414855;1,146044665;0,586596524;0,648275157;1;2;1;2;2;0,491342802;0,39226735;0,423396175;0,754378207;0,536968252;0,978214151;2,675403339;3,395355884;5,644638896;48;56;84;40;384
R93SD2_6;R93SD;T2_6;Young_SD;Young;restriction;0,542615262;0,566450559;0,48808826;0,460620828;0,399068276;0,839713214;0,563289263;1,660514257;1,234595147;0,575182492;0,391337072;0,581189448;0,339302204;0,444939751;0,243483347;1;1;2;1;2;1,444132938;1,312036848;0,767184372;2,675733855;0,607221809;0,276423951;1,097224994;0,42591911;0,659412655;180;84;68;128;84
R93SD2_7;R93SD;T2_7;Young_SD;Young;restriction;0,276426643;0,125501022;0,224159053;0,331474801;0,10052865;0,759662128;1,211034634;1,853629703;1,178293954;1,434698064;0,186572429;0,096333285;0,185304002;0,274446727;0,074128037;2;1;1;2;2;1,037886529;1,625938319;1,316584849;1,332833556;2,037174644;0,451372506;0,64259507;0,675335749;0,25640411;116;116;96;124;128
R93SD2_8;R93SD;T2_8;Young_SD;Young;restriction;0,146745008;0,251002044;0,339854048;0,21093851;0,322910208;6,874147889;5,985303098;6,038649412;5,737580742;9,204215425;0,103777475;0,12268992;0,154224339;0,146800747;0,200537531;1;1;1;1;1;1,625286397;NA;2,056823579;1,463671763;1,703068889;0,888844791;0,053346314;0,30106867;3,466634683;120;140;144;144;128
R93SD4_1;R93SD;T4_1;Young_SD;Young;restriction;1,25245158;1,448349634;1,742655862;1,373252749;2,050175189;0,972738413;2,634581917;2,597719867;1,365197868;7,091440887;0,856458384;0,943037156;0,93263711;0,987518807;0;1;2;1;2;1;0,705356061;1,297456003;0,678930955;1,312150358;0,791089405;1,661843504;0,03686205;1,232521999;5,726243019;408;304;140;444;64
R93SD4_2;R93SD;T4_2;Young_SD;Young;restriction;0,460711072;1,095590004;0,791787622;0,701693411;0,929128429;2,424641458;2,237001752;1,435062522;1,615565907;2,116385188;0,317315405;0,775428687;0,673079322;0,416017528;0,766272508;1;2;2;2;1;0,463206974;0,529550436;0,453644628;0,411218723;0,547019594;0,187639706;0,801939231;0,180503385;0,500819281;140;244;460;388;616
R93SD4_4;R93SD;T4_4;Young_SD;Young;restriction;0,784915159;0,91581827;0,74478653;0,779181027;1,233760701;1,733829906;5,110071676;3,71875013;2,281373612;2,589927027;0,717246759;0,652375246;0,408587318;0,544605406;0,766091446;2;2;1;3;2;0,34411847;0,579752041;0,656111377;0,421860971;0,203651161;3,376241769;1,391321546;1,437376518;0,308553415;220;192;56;96;280
R81SD4_1;R81SD;T4_1;Young_SD;Young;restriction;0,535789913;1,47548499;0,961714646;0,714608014;0,938267397;1,863762995;2,127576153;2,615771622;1,903673589;4,023255053;0,413117787;1,054363392;0,83458663;0,556588163;0,57257013;1;2;1;2;1;0,588659004;0,562849588;0,472477871;0,47861036;0,628078467;0,263813159;0,488195468;0,712098033;2,119581464;396;416;272;396;80
R94SD2_1;R94SD;T2_1;Young_SD;Young;restriction;0,446053242;0,353053491;0,248440409;0,113692751;0,32708708;1,120396195;0,847122331;0,548976619;0,456382123;0,986210457;0,195951238;0,245800123;0,143305972;0;0,186495989;1;1;1;NA;1;0,34433975;0,466222102;0,667143507;0,341152804;0,641660388;0,273273864;0,298145712;0,092594496;0,529828334;80;168;124;104;84
R94SD2_3;R94SD;T2_3;Young_SD;Young;restriction;0,926418273;1,030142377;1,122950649;1,141138349;1,337330718;0,952490362;1,427503349;0,888317875;0,748625325;0,715863943;0,605117249;0,553360231;0,725642359;0,599691181;0,998666461;3;2;2;1;2;1,020105648;1,786874376;1,002551124;1,131845499;2,032465266;0,475012987;0,539185474;0,13969255;0,032761382;72;40;188;448;52
R94SD2_4;R94SD;T2_4;Young_SD;Young;restriction;0,230379147;0,164435872;0,168939478;0,143168649;0,124210283;2,914710022;1,739404354;1,60760258;1,431260784;1,436593764;0,148035722;0,141289648;0,131318277;0,121107752;0,060751369;1;1;2;2;2;0,835501345;0,56391412;0,833777183;0,581323771;1,541823695;1,175305668;0,131801774;0,176341796;0,00533298;96;168;176;180;112
R94SD2_5;R94SD;T2_5;Young_SD;Young;restriction;0,186263991;0,304689999;0,278253258;0,366343308;0,136631312;2,678307726;5,065929024;3,400434843;1,541895526;3,431943612;0,177616495;0,308553677;0,186133195;0,231494786;0,109858348;1;1;1;1;1;0,484520912;0,802670287;0,551228193;0,562348742;0,975831377;2,387621298;1,665494181;1,858539317;1,890048086;104;64;64;68;40
R94SD2_6;R94SD;T2_6;Young_SD;Young;restriction;0,720547546;0,527162061;0,481974394;0,517933642;0,397472907;2,251641687;2,17803687;2,401804422;2,614400798;2,651295509;0,515583505;0,472762515;0,307792642;0,320063976;0,286830948;2;2;1;1;1;1,433185292;NA;1,648178858;1,957589258;1,845043218;0,073604817;0,223767551;0,212596376;0,036894711;544;320;104;176;136
R94SD3_2;R94SD;T3_2;Young_SD;Young;restriction;0,426446507;0,29985365;0,298128491;0,248439714;0,264981938;2,62092686;1,412356304;1,840318104;1,449516107;1,936170804;0,138213594;0,211077816;0,190586546;0,147125041;0,197727649;1;1;1;1;1;0,26196739;0,188385823;0,247475145;0,266515661;0,653998172;1,208570556;0,4279618;0,390801996;0,486654697;224;172;164;244;232
R94SD3_3;R94SD;T3_3;Young_SD;Young;restriction;1,274437836;0,788324918;0,760227652;0,960072117;0,587928675;2,507905996;2,732657803;2,865234911;2,386298281;2,350890882;0,749086142;0,571137846;0,714368205;0,67693086;0,439466585;1;1;1;1;1;0,557694441;1,0172757;0,630540087;0,815754222;0,790698087;0,224751808;0,132577108;0,47893663;0,035407399;60;196;104;148;128
R94SD3_4;R94SD;T3_4;Young_SD;Young;restriction;0,828384593;0,372398887;0,636007447;0,551620383;0,69971793;2,950774406;1,061304308;1,944829533;1,11663739;1,089971961;0,573998885;0,12564754;0,35450131;0,319760554;0,294006069;1;1;1;2;1;0,556309776;0,52131048;0,506965459;0,945210495;1,041006524;1,889470098;0,883525225;0,828192143;0,026665429;132;272;84;76;220
R94SD3_5;R94SD;T3_5;Young_SD;Young;restriction;0,681334074;0,720616029;0,809915734;0,648469763;0,583788332;2,070486983;3,21215621;2,821247454;1,870554083;1,763678666;0,577510281;0,336500191;0,626492774;0,202434933;0,459774574;1;1;1;1;2;0,814081462;0,393845747;0,910194304;0,809498681;0,761517788;1,141669227;0,390908756;0,950693371;0,106875417;412;152;356;224;608
R94SD4_1;R94SD;T4_1;Young_SD;Young;restriction;0,686235758;0,435271427;0,387567038;0,269493927;0,351929136;1,513747998;1,232108619;1,483952936;2,717205296;1,249355315;0,446326468;0,286050044;0,23005134;0,257074907;0,181246984;1;4;1;2;2;0,346440978;0,169919278;0,10963827;0,435237611;0,25830775;0,281639379;0,251844317;1,233252359;1,46784998;124;340;120;36;168
R94SD4_10;R94SD;T4_10;Young_SD;Young;restriction;1,127387316;1,117196662;1,227295621;0,80427094;0,977120896;2,145142943;2,855128673;2,111098783;2,232586675;2,01940459;0,693971968;0,976386451;0,990071911;0,51681281;0,686614409;2;1;1;1;1;0,818239997;0,568713651;0,955565452;0,727134213;0,76360616;0,70998573;0,74402989;0,121487891;0,213182085;228;112;208;156;116
R94SD4_2;R94SD;T4_2;Young_SD;Young;restriction;0,401938087;0,507816665;0,377629422;0,471614373;0,376771193;1,636680057;1,734687682;2,090216216;1,243804915;1,943780522;0,345363893;0,353080275;0,283451949;0,444830799;0,295602075;1;1;2;1;1;0,364854164;0,490716891;0,670088456;0,468917456;0,915763397;0,098007625;0,355528533;0,8464113;0,699975606;236;528;288;252;340
R94SD4_3;R94SD;T4_3;Young_SD;Young;restriction;0,681334074;0,672252537;0,750290036;0,606361337;0,633472446;1,591528052;2,803479053;1,913134517;1,748017468;1,233217738;0,487319858;0,523122619;0,470146712;0,462317537;0,535091192;1;1;2;2;2;0,364899293;0,442883577;0,21475724;0,460838052;0,382222366;1,211951001;0,890344536;0,165117049;0,51479973;240;76;220;212;456
R94SD4_4;R94SD;T4_4;Young_SD;Young;restriction;0,666629022;0,972106187;0,829790966;0,551620383;0,736981015;1,31716568;1,191204289;2,629454198;2,002167089;1,714852339;0,454179968;0,66347278;0,679713622;0,451789871;0,520357038;2;2;1;1;1;0,458830437;0,564541617;0,446372918;0,476042491;0,631964527;0,125961391;1,438249908;0,627287108;0,287314751;632;576;160;488;592
R94SD4_5;R94SD;T4_5;Young_SD;Young;restriction;0,696039126;0,609379998;0,700601954;0,648469763;0,650033817;1,771439439;1,594174552;1,647468681;1,200893858;0,874962693;0,535984914;0,579111767;0,52391114;0,426373315;0,370868959;1;1;1;1;1;0,367676734;0,493387689;NA;0,218155866;0,234928833;0,177264887;0,053294129;0,446574823;0,325931165;60;152;156;292;416
R94SD4_6;R94SD;T4_6;Young_SD;Young;restriction;0,745055965;0,662579839;0,889416665;1,010602228;0,807366842;1,572849393;3,691417403;2,87256375;2,154557126;2,389613896;0,448495103;0,433502351;0,80031375;0,704667336;0,552792109;2;1;2;1;1;0,596492232;0,585803849;0,710723744;0,5605337;0,450481827;2,118568009;0,818853652;0,718006624;0,23505677;288;172;152;204;200
R94SD4_8;R94SD;T4_8;Young_SD;Young;restriction;0,406839771;0,444944125;0,496880818;0,522144484;0,438876335;1,194859702;0,672996132;2,598834805;1,362664812;1,634072257;0,343684639;0,37909106;0,370263512;0,330382583;0,218298641;1;2;1;2;2;0,489747849;0,381801201;0,506571073;0,444879876;0,684189288;0,52186357;1,925838673;1,236169993;0,271407446;340;496;68;124;92
R94SD4_9;R94SD;T4_9;Young_SD;Young;restriction;0,656825654;1,07366952;0,993761636;1,002180543;0,741121358;3,151647711;2,956961874;2,365503864;2,406351;2,290100766;0,433598068;0,975387454;0,875301482;0,651782793;0,461017841;3;1;1;1;1;0,364573619;0,316989687;0,478259679;0,473549081;0,592533184;0,194685837;0,59145801;0,040847136;0,116250233;80;156;148;108;228
R94SD5_1;R94SD;T5_1;Young_SD;Young;restriction;0,519578502;0,362726189;0,616132215;0,471614373;0,455437706;1,478446608;1,649934149;2,140071878;3,39623795;2,249726784;0,386237008;0,169470757;0,490889875;0,377492707;0,338637589;2;1;1;1;1;1,783248098;1,650858819;0,967774758;0,644845738;1,385519867;0,171487541;0,490137729;1,256166072;1,146511166;368;340;160;88;240
R94SD5_3;R94SD;T5_3;Young_SD;Young;restriction;0,62741555;0,696434283;0,611163406;0,779005884;0,741121358;0,633136862;2,389508908;1,44008227;1,673957339;1,175476672;0,198641859;0,346705902;0,278240127;0,322665044;0,263416051;2;1;1;1;1;0,358640219;0,41135285;0,169899836;0,475783609;0,494149912;1,756372046;0,949426638;0,23387507;0,498480668;112;148;148;136;252
R94SD5_4;R94SD;T5_4;Young_SD;Young;restriction;0,186263991;0,643234442;0,32794134;0,261072242;0,306385366;0,932224721;1,251271419;0,768325221;0,6051308;1,40131513;0,429738033;0,302516771;0,459558776;0,721436559;0,529410007;1;1;1;1;1;0,939530469;0,51092141;0,422880812;1,342603374;0,873776293;0,319046698;0,482946198;0,163194421;0,79618433;544;96;240;288;76
R94SD5_5;R94SD;T5_5;Young_SD;Young;restriction;0,50487345;0,502980316;0,313034915;0,277915613;0,389192221;0,687061594;0,787143423;0,619779334;0,572568609;1,413034366;0,161384835;0,408077705;0,227364668;0,151564666;0,187806598;2;2;3;2;1;0,35879794;0,410950425;0,512924637;0,456574836;0,756291791;0,100081829;0,167364088;0,047210725;0,840465757;292;292;312;472;84
R94SD5_6;R94SD;T5_6;Young_SD;Young;restriction;0,294101039;0,527162061;0,268315642;0,294758983;0,414034278;1,351681497;0,615751911;1,127881279;1,126098774;1,131680508;0,343432593;0,477528052;0,252412339;0,216430887;0,360943811;2;1;3;2;1;0,579572212;0,341134406;0,977709968;0,619770431;0,361387287;0,735929586;0,512129368;0,001782505;0,005581734;56;432;36;48;116
R94SD4_11;R94SD;T4_11;Young_SD;Young;restriction;0,401938087;0,2950173;0,233533985;0,252650557;0,29810468;1,416892697;1,389335992;0,830273808;1,139501434;1,617403383;0,222165407;0,26338364;0,176192338;0,199023608;0,387693681;1;3;1;1;1;0,407392954;0,521974275;1,97835508;0,998185417;0,674010762;0,027556705;0,559062184;0,309227625;0,477901949;204;136;740;384;452
R95SD1_1;R95SD;T1_1;Young_SD;Young;restriction;0,520498508;0,522556486;0,540857813;0,563478972;0,818279691;2,148184272;0,560760027;3,291537853;2,914049479;4,412711612;0,395157386;0,473154744;0,287762181;0,434960455;0,38110713;1;2;1;NA;1;0,601345398;0,208188402;0,367931817;0,394125451;0,428679658;1,587424245;2,730777827;0,377488375;1,498662133;52;112;432;488;80
R95SD1_2;R95SD;T1_2;Young_SD;Young;restriction;0,73939975;0,192329818;1,442287501;1,716049598;1,553344499;1,61635448;1,259661333;0,959728401;0,908392686;0,620113999;0,635981937;0,184711031;0;1,288124865;1,507475143;3;4;3;1;3;0,509041106;1,013176448;0,085032122;0,189452591;0,174523021;0,356693147;0,299932932;0,051335715;0,288278687;444;268;72;252;236
R95SD1_3;R95SD;T1_3;Young_SD;Young;restriction;0,389157763;0,457236926;0,454812252;0,482981976;0,145626047;2,611537124;2,311693329;6,123276916;1,727073046;1,293040476;0,326149536;0,375673705;0,255317731;0,289895215;0,110321906;1;2;1;1;2;1,077687062;0,305901651;0,613277097;0,433639519;1,490394668;0,299843795;3,811583587;4,39620387;0,43403257;780;180;176;100;576
R95SD3_1;R95SD;T3_1;Young_SD;Young;restriction;1,26476273;1,161236636;1,307073048;0,651293877;0,516625737;1,245742509;0,745721723;1,868638106;0,701696875;1,009198966;0,714838473;0,769952901;1,02998142;0,427663057;0,396357556;1;3;1;2;2;0,33993229;0,553929008;0,601457848;0,632832894;0,62494989;0,500020787;1,122916384;1,166941231;0,30750209;500;524;476;424;284
R95SD3_2;R95SD;T3_2;Young_SD;Young;restriction;0,865876023;0,279422566;0,745728196;0,256126806;0,5790369;1,956049522;1,294703998;2,170662225;2,72793024;2,168772637;0,413340979;0,232581534;0,648335969;0,242510302;0,331464948;1;1;NA;2;1;0,335027955;0,439316941;0,376683612;0,773160625;0,546830519;0,661345524;0,875958227;0,557268015;0,559157603;160;216;88;280;268
R95SD4_4;R95SD;T4_4;Young_SD;Young;restriction;3,614302725;3,044617306;1,712716407;1,668483191;1,310634421;5,368075486;4,710148446;2,345743181;2,393507733;2,141750773;0,482642965;0,574599457;0,54435378;0,434537222;0,410483085;1;1;1;1;1;0,486311137;0,405500116;0,336869268;0,279674614;0,500734655;0,65792704;2,364405265;0,047764553;0,251756961;88;148;256;276;328
R95SD3_5;R95SD;T3_5;Young_SD;Young;restriction;1,55176658;1,821689973;1,188248225;1,763616005;1,605353802;2,498815685;2,689842237;2,132576279;2,636858533;2,539384182;0,943907043;1,151034379;0,999531533;1,112491592;1,022524608;1;1;1;1;1;0,043692607;0,046864209;0,089860684;0,113181982;0,214524891;0,191026552;0,557265958;0,504282254;0,097474352;408;544;824;408;348
R95SD4_1;R95SD;T4_1;Young_SD;Young;restriction;1,415561363;1,386226235;1,143176741;1,185501215;0,658784497;3,908020657;2,779809406;4,70571998;2,848223084;1,677574122;1,130224322;0,916337406;0,885488271;0,784038965;0,479273601;1;1;1;1;1;0,191705982;0,07374759;0,081114176;0,072318588;0,122080123;1,128211252;1,925910575;1,857496896;1,170648963;612;172;120;692;624
R95SD4_2;R95SD;T4_2;Young_SD;Young;restriction;0,199443354;0,664082201;0,512175959;0,479323022;0,499289303;1,174052525;2,250970204;1,293752581;1,200978321;1,517059998;0,199988687;0,510393406;0,321090315;0,299936744;0,310107846;1;2;1;2;2;0,462347724;0,501424809;0,618273572;0,512924455;0,690785585;1,076917678;0,957217623;0,09277426;0,316081677;188;208;300;752;216
R95SD4_3;R95SD;T4_3;Young_SD;Young;restriction;1,945788816;1,98861774;1,708618999;1,635552602;0,981242172;3,903271092;3,799190133;2,473719694;2,47111814;1,996643453;1,644656207;1,623997706;1,003356514;1,090346826;0,775441859;2;2;3;3;2;0,98717069;0,741492658;0,535785016;0,706334898;0,947516907;0,104080959;1,325470439;0,002601554;0,474474687;104;128;164;252;148